{
    "save":"保存",
    "cancel":"取消",
    "ok":"确认",
    "confirmSentence":"你确定要删除这个项目吗？",
    "submit":"提交",
    "addOption":"添加选项",
    "numberRange":"数字范围",
    "startingValue":"起始值",
    "to":"至",
    "endValue":"结束值",
    "unit":"单位",
    "contentPlace":"输入内容",
    "contentOptionPlace":"选项",
    "contentPlaceFirst":"题目内容",
    "maxMinutes":"最高分",
    "requiredText":"标题不能为空",
    "add":"添加",
    "edit":"编辑",
    "saveDraft":"存草稿",
    "home":"主页",
    "school":"学校",
    "grade":"年级",
    "class":"班级",
    "questionnaire":"问卷",
    "voting":"投票",
    "sms":"短信",
    "campus":"校园动态",
    "announcement":"公告",
    "bulletin":"布告栏",
    "attendence":"考勤",
    "assignment":"作业",
    "exercise":"习题",
    "homeVisit":"家访",
    "successText":"操作成功",
    "toTop":"置顶",
    "remove":"删除",
    "viewDetail":"查看详情",
    "noData":"数据不存在",
    "notification":"通知",
    "evaluation":"评价"
}