{
    "data":[
        {
            "id":1,
            "name":"权限管理",
            "children":[
                {
                    "id":10,
                    "name":"学校空间",
                    "children":[
                        {
                            "id":101,
                            "name":"问卷",
                            "router":"",
                            "imgUrl":""
                        },
                        {
                            "id":102,
                            "name":"投票",
                            "router":"",
                            "imgUrl":""
                        },
                        {
                            "id":103,
                            "name":"短信",
                            "router":"",
                            "imgUrl":""
                        },
                        {
                            "id":104,
                            "name":"校园动态",
                            "router":"",
                            "imgUrl":""
                        },
                        {
                            "id":105,
                            "name":"公告",
                            "router":"",
                            "imgUrl":""
                        },
                        {
                            "id":106,
                            "name":"布告栏",
                            "router":"",
                            "imgUrl":""
                        },
                        {
                            "id":107,
                            "name":"考勤",
                            "router":"",
                            "imgUrl":""
                        },
                        {
                            "id":108,
                            "name":"作业",
                            "router":"",
                            "imgUrl":""
                        },
                        {
                            "id":109,
                            "name":"习题",
                            "router":"",
                            "imgUrl":""
                        },
                        {
                            "id":110,
                            "name":"家访",
                            "router":"",
                            "imgUrl":""
                        }
                    ]
                },
                {
                    "id":20,
                    "name":"班级空间",
                    "children":[
                        {
                            "id":"201",
                            "name":"问卷",
                            "router":"",
                            "imgUrl":""
                        },
                        {
                            "id":"202",
                            "name":"投票",
                            "router":"",
                            "imgUrl":""
                        },
                        {
                            "id":"203",
                            "name":"作业",
                            "router":"",
                            "imgUrl":""
                        },
                        {
                            "id":"204",
                            "name":"习题",
                            "router":"",
                            "imgUrl":""
                        },
                        {
                            "id":"205",
                            "name":"家访",
                            "router":"",
                            "imgUrl":""
                        },
                        {
                            "id":"206",
                            "name":"通知",
                            "router":"",
                            "imgUrl":""
                        },
                        {
                            "id":"207",
                            "name":"评价",
                            "router":"",
                            "imgUrl":""
                        },
                        {
                            "id":"208",
                            "name":"表彰",
                            "router":"",
                            "imgUrl":""
                        },{
                            "id":"209",
                            "name":"课表",
                            "router":"",
                            "imgUrl":""
                        },{
                            "id":"210",
                            "name":"相册",
                            "router":"",
                            "imgUrl":""
                        },{
                            "id":"211",
                            "name":"文件",
                            "router":"",
                            "imgUrl":""
                        }
                    ]
                }
            ]
        }
    ]
    
}